{
  "YESBANK": {
    "sharpe": 0.14421461467498822,
    "trades": 174,
    "return": 2.8181857706808085e+52,
    "params": {
      "rsi_period": 3,
      "vol_min_pct": 0.005,
      "max_return_cap": 5.0,
      "allowed_hours": [
        10,
        11,
        12,
        13,
        14
      ]
    }
  },
  "RELIANCE": {
    "sharpe": -1.1725849862327065,
    "trades": 242,
    "return": 1.5913945326169402e+72,
    "params": {
      "rsi_period": 2,
      "vol_min_pct": 0.004,
      "max_return_cap": 5.0,
      "allowed_hours": [
        10,
        11,
        12,
        13,
        14,
        15
      ]
    }
  }
}