{
  "VBL": {
    "sharpe": 2.091452369941104,
    "trades": 235,
    "return_pct": 1.3735978363272832e+70
  }
}