{
  "YESBANK": {
    "sharpe": 0.017645162091828877,
    "trades": 221,
    "return_pct": 5.650143997533387e+61
  },
  "RELIANCE": {
    "sharpe": -1.2205062181913826,
    "trades": 210,
    "return_pct": 5.167756407923157e+57
  },
  "VBL": {
    "sharpe": 1.7009846083507956,
    "trades": 225,
    "return_pct": 1.1250788152556318e+62
  }
}