{
  "portfolio_sharpe": 2.5588370781825125,
  "allocations": {
    "NIFTY50": 0.20001714243586854,
    "YESBANK": 0.19993143025652585,
    "RELIANCE": 0.20001714243586854,
    "VBL": 0.20001714243586854,
    "SUNPHARMA": 0.20001714243586854
  },
  "symbol_metrics": {
    "NIFTY50": {
      "sharpe": 1.6665972300683083,
      "trades": 126,
      "return_pct": 3.520088561007877e+38
    },
    "YESBANK": {
      "sharpe": 1.7586623320359476,
      "trades": 132,
      "return_pct": 14.748306437945619
    },
    "RELIANCE": {
      "sharpe": 2.9852366939942,
      "trades": 128,
      "return_pct": 13.818465589199153
    },
    "VBL": {
      "sharpe": 2.0917388829592953,
      "trades": 237,
      "return_pct": 2.1701198714986015e+65
    },
    "SUNPHARMA": {
      "sharpe": 4.29195025185481,
      "trades": 134,
      "return_pct": 16.603154407451832
    }
  }
}