{
  "params": {
    "ema_fast": 9,
    "ema_slow": 38,
    "momentum_period": 9,
    "momentum_threshold": 0.3075433662147398,
    "ema_diff_threshold": 0.046748841356464566,
    "vol_min": 0.03152844103413788,
    "max_hold": 4,
    "vol_period": 14,
    "allowed_hours": [
      9,
      10,
      11,
      12,
      13,
      14
    ]
  },
  "metrics": {
    "sharpe": 0.005835927283261401,
    "return": 0.2290999999999258,
    "trades": 132,
    "win_rate": 41.66666666666667
  }
}